0,Plum Freezer Jam with Cardamon and Ginger,"February 23, 2016",by Ann Reed,for Stanley Plums,"Neither long simmering nor heat-canned, this vibrant, lightly spiced jam couldn't be simpler to prepare. Red-fleshed plums lend a gorgeous garnet color, but any variety works well. Ingredients1/3 cups coarsely chopped Meynard Plums (from about 1 1/4 pounds)1 (1-inch) piece ginger (about 1 1/2 ounces)1 1/3 cups sugar1/4 cup Ball® RealFruit® Instant Pectin2 tablespoons fresh lemon juice1/4 teaspoon freshly ground black pepper1/4 teaspoon ground cardamomDirectionsBring plums and 1 cup water to a boil in a medium saucepan, then reduce heat to low and simmer until plums begin to soften and liquid is reduced by about half, about 5 minutes.Meanwhile, finely grate ginger, then squeeze juice into a small bowl; discard pulp.Combine sugar and pectin in a large bowl. Add plum mixture, lemon juice, pepper, cardamom, and 1 tsp. ginger juice (discard any remaining juice), then stir constantly for about 3 minutes to activate pectin. Using a potato masher or fork, break up any large plum pieces, then let cool at least 30 minutes.Ladle jam into sterilized jars, leaving 1/2 from the top to allow for expansion. Cover and chill.",Ingredients1/3 cups coarsely chopped Meynard Plums (from about 1 1/4 pounds)1 (1-inch) piece ginger (about 1 1/2 ounces)1 1/3 cups sugar1/4 cup Ball® RealFruit® Instant Pectin2 tablespoons fresh lemon juice1/4 teaspoon freshly ground black pepper1/4 teaspoon ground cardamom,"Bring plums and 1 cup water to a boil in a medium saucepan, then reduce heat to low and simmer until plums begin to soften and liquid is reduced by about half, about 5 minutes.Meanwhile, finely grate ginger, then squeeze juice into a small bowl; discard pulp.Combine sugar and pectin in a large bowl. Add plum mixture, lemon juice, pepper, cardamom, and 1 tsp. ginger juice (discard any remaining juice), then stir constantly for about 3 minutes to activate pectin. Using a potato masher or fork, break up any large plum pieces, then let cool at least 30 minutes.Ladle jam into sterilized jars, leaving 1/2 from the top to allow for expansion. Cover and chill.",http://cdn.shopify.com/s/files/1/1148/3974/articles/Plum_Freezer_Jam_with_Cardamon_and_Ginger_large.png?v=1462438245
1,Oven Risotto with Kale Pesto,"February 23, 2016",by Ann Reed,for Green Mixed Spice,"If you have a ton of kale at home, this is a great use for it. This combination of rice and kale make them perfect candidates for a gorgeous veggie dinner.Ingredients1/2 cup walnuts, coarsely chopped, divided4 tablespoons olive oil, divided1 medium onion, finely chopped1 cup arborio riceKosher salt, freshly ground pepper1/2 cup dry white wine1 small garlic clove1 cup (packed) fresh parsley leaves3 tablespoons chopped fresh chives2 cups torn Tuscan kale leaves, divided2 tablespoons unsalted butter3 ounces Parmesan, finely grated (about 2 cups)DirectionsPreheat oven to 350°. Toast walnuts on a rimmed baking sheet, tossing occasionally, until golden brown, 8–10 minutes. Let cool.Meanwhile, heat 2 tablespoons oil in a large ovenproof saucepan over medium heat. Add onion and cook, stirring often, until softened and translucent, 5–8 minutes. Stir in rice; season with salt and pepper. Cook, stirring, until some grains are translucent, about 5 minutes.Add wine, bring to a simmer, and cook until pan is almost dry, about 3 minutes. Add 2 cups very hot water; season with salt and pepper. Bring to a simmer, cover, and bake in oven until liquid is mostly absorbed but rice is still starchy in the center, 15–18 minutes (it should be undercooked).Meanwhile, pulse garlic and half of toasted walnuts in a food processor until very finely ground. Add parsley, chives, half of kale, remaining 2 tablespoons oil, and 1/4 cup cold water; process until smooth; season pesto with salt and pepper.Set saucepan over medium heat. Add 3/4 cup very hot water and cook rice, stirring constantly, until it is tender but still has some bite and sauce is creamy, about 3 minutes. Stir in pesto, butter, three-quarters of Parmesan, and remaining kale. Adjust consistency with water, if needed; season with salt and pepper. Serve topped with remaining walnuts and cheese.","Ingredients1/2 cup walnuts, coarsely chopped, divided4 tablespoons olive oil, divided1 medium onion, finely chopped1 cup arborio riceKosher salt, freshly ground pepper1/2 cup dry white wine1 small garlic clove1 cup (packed) fresh parsley leaves3 tablespoons chopped fresh chives2 cups torn Tuscan kale leaves, divided2 tablespoons unsalted butter3 ounces Parmesan, finely grated (about 2 cups)","Preheat oven to 350°. Toast walnuts on a rimmed baking sheet, tossing occasionally, until golden brown, 8–10 minutes. Let cool.Meanwhile, heat 2 tablespoons oil in a large ovenproof saucepan over medium heat. Add onion and cook, stirring often, until softened and translucent, 5–8 minutes. Stir in rice; season with salt and pepper. Cook, stirring, until some grains are translucent, about 5 minutes.Add wine, bring to a simmer, and cook until pan is almost dry, about 3 minutes. Add 2 cups very hot water; season with salt and pepper. Bring to a simmer, cover, and bake in oven until liquid is mostly absorbed but rice is still starchy in the center, 15–18 minutes (it should be undercooked).Meanwhile, pulse garlic and half of toasted walnuts in a food processor until very finely ground. Add parsley, chives, half of kale, remaining 2 tablespoons oil, and 1/4 cup cold water; process until smooth; season pesto with salt and pepper.Set saucepan over medium heat. Add 3/4 cup very hot water and cook rice, stirring constantly, until it is tender but still has some bite and sauce is creamy, about 3 minutes. Stir in pesto, butter, three-quarters of Parmesan, and remaining kale. Adjust consistency with water, if needed; season with salt and pepper. Serve topped with remaining walnuts and cheese.",http://cdn.shopify.com/s/files/1/1148/3974/articles/Risotto_with_Kale_Pesto_large.png?v=1462438343
2,Pasta Pomodoro with Shrimp,"February 23, 2016",by Ann Reed,for Cherry Tomatoes 2016,"What’s your go-to quick midweek meal? Shrimps should be on your quick meal list. Tossing them with quickly cooked fresh tomatoes, garlic, and basil, the way how you get excellent filling to your pasta.Ingredients1/2 pound angel hair pasta3/4 pound raw, peeled, deveined shrimp (medium sized)4 ripe Campari Tomatoes3 cloves garlic, minced1/3 cup torn fresh basil leaves3 Tbsp olive oil (divided, 1 Tbsp and 2 Tbsp)Salt and freshly ground black pepper to tasteDirectionsFill a large pot with 2 quarts of water. Bring to a boil (You will be using this water to both blanch the tomatoes and boil the pasta.) Core the tomatoes and use a sharp knife to cut a small X into the bottom end of each tomato. When the water is boiling, use a slotted spoon to lower the tomatoes into the water. Blanch for no more than one minute, just enough to loosen the skins. Remove tomatoes with a slotted spoon to a bowl of icy water, saving the blanching water.Peel off the tomato skins from the tomatoes. Cut the tomatoes crosswise in half, and squeeze out most of the seeds and juices. Chop the tomatoes into 1-inch pieces.Heat 1 Tbsp of olive oil in a large sauté pan on medium high heat. Add the shrimp to the pan and cook for 1 minute. Turn the shrimp over in the pan. Lower the heat to medium.Add the garlic, cook a minute more. Add the chopped tomatoes and basil. Sprinkle with salt. Cook for a minute more and remove from heat.Add a tablespoon of salt to the water you used to blanch the tomatoes. Bring to a boil again. Add the angel hair pasta and cook for 3 minutes.Drain the pasta and immediately add to pot with the shrimp and tomatoes. Drizzle the pasta with 2 Tbsp of olive oil. Then stir the pasta in with the shrimp and tomatoes. Serve immediately or at room temp.Thanks               
                   simplyrecipes.com
                   for recipe","Ingredients1/2 pound angel hair pasta3/4 pound raw, peeled, deveined shrimp (medium sized)4 ripe Campari Tomatoes3 cloves garlic, minced1/3 cup torn fresh basil leaves3 Tbsp olive oil (divided, 1 Tbsp and 2 Tbsp)Salt and freshly ground black pepper to taste","Fill a large pot with 2 quarts of water. Bring to a boil (You will be using this water to both blanch the tomatoes and boil the pasta.) Core the tomatoes and use a sharp knife to cut a small X into the bottom end of each tomato. When the water is boiling, use a slotted spoon to lower the tomatoes into the water. Blanch for no more than one minute, just enough to loosen the skins. Remove tomatoes with a slotted spoon to a bowl of icy water, saving the blanching water.Peel off the tomato skins from the tomatoes. Cut the tomatoes crosswise in half, and squeeze out most of the seeds and juices. Chop the tomatoes into 1-inch pieces.Heat 1 Tbsp of olive oil in a large sauté pan on medium high heat. Add the shrimp to the pan and cook for 1 minute. Turn the shrimp over in the pan. Lower the heat to medium.Add the garlic, cook a minute more. Add the chopped tomatoes and basil. Sprinkle with salt. Cook for a minute more and remove from heat.Add a tablespoon of salt to the water you used to blanch the tomatoes. Bring to a boil again. Add the angel hair pasta and cook for 3 minutes.Drain the pasta and immediately add to pot with the shrimp and tomatoes. Drizzle the pasta with 2 Tbsp of olive oil. Then stir the pasta in with the shrimp and tomatoes. Serve immediately or at room temp.",http://cdn.shopify.com/s/files/1/1148/3974/articles/pasta-pomodoro-with-shrimp-horiz-a-800_grande_99f8f7fb-8733-41b3-82db-3e2641572e56_large.jpg?v=1456216102
3,Spinach Puffs,"February 23, 2016",by Ann Reed,for Spinach,"Serve these little spinach pies with a main course as your vegetable side and dinner roll in one, or eat a couple for a vegetarian dinner—they're that good.Ingredients1 10-ounce package frozen chopped spinach, thawed1 garlic1/2 cup crumbled feta1/4 cup minced onion1 tablespoon olive oil1 teaspoon chopped dill1 teaspoon minced garlicKosher salt and freshly ground black pepper2 large eggs1 sheet frozen puff pastry (from a 17.3-ounces package), thawed, rolled out to a 12"" square, kept chilled6-cup muffin panDirectionsUsing your hands, squeeze spinach until dry, forcing out as much water as possible (too much water will make for a soggy filling; you should have about 2/3 cup well-drained spinach). Mix spinach and next 5 ingredients in a medium bowl. Season to taste with salt and pepper. In a small bowl, beat 1 egg to blend; fold into spinach mixture.Cut puff pastry into 3 equal strips. Reserve 1 strip for another use. Cut each remaining strip into 3 squares for a total of 6. Place a square in each muffin cup, pressing into bottom and up sides and leaving corners pointing up. Divide filling among cups. Fold pastry over filling, pressing corners together to meet in center. DO AHEAD: Spinach puffs can be assembled 3 hours ahead. Cover puffs and chill.Preheat oven to 400°F. Beat remaining egg to blend in a small bowl. Brush pastry with egg wash (this will give the pastry a nice sheen). Bake until pastry is golden brown and puffed, about 25 minutes. Transfer to a wire rack; let puffs cool in pan for 10 minutes. Run a sharp paring knife around pan edges to loosen; turn out puffs onto rack to cool slightly before serving.","Ingredients1 10-ounce package frozen chopped spinach, thawed1 garlic1/2 cup crumbled feta1/4 cup minced onion1 tablespoon olive oil1 teaspoon chopped dill1 teaspoon minced garlicKosher salt and freshly ground black pepper2 large eggs1 sheet frozen puff pastry (from a 17.3-ounces package), thawed, rolled out to a 12"" square, kept chilled6-cup muffin pan","Using your hands, squeeze spinach until dry, forcing out as much water as possible (too much water will make for a soggy filling; you should have about 2/3 cup well-drained spinach). Mix spinach and next 5 ingredients in a medium bowl. Season to taste with salt and pepper. In a small bowl, beat 1 egg to blend; fold into spinach mixture.Cut puff pastry into 3 equal strips. Reserve 1 strip for another use. Cut each remaining strip into 3 squares for a total of 6. Place a square in each muffin cup, pressing into bottom and up sides and leaving corners pointing up. Divide filling among cups. Fold pastry over filling, pressing corners together to meet in center. DO AHEAD: Spinach puffs can be assembled 3 hours ahead. Cover puffs and chill.Preheat oven to 400°F. Beat remaining egg to blend in a small bowl. Brush pastry with egg wash (this will give the pastry a nice sheen). Bake until pastry is golden brown and puffed, about 25 minutes. Transfer to a wire rack; let puffs cool in pan for 10 minutes. Run a sharp paring knife around pan edges to loosen; turn out puffs onto rack to cool slightly before serving.",http://cdn.shopify.com/s/files/1/1148/3974/articles/Spinach-Puffs_large.jpg?v=1462445399
4,Pasta with Swordfish and Cherry Tomato Sauce,"February 23, 2016",by Ann Reed,for Cherry Tomatoes 2016,"This recipe is the epitome of Sicily with the swordfish, pine nuts, and golden raisins. It is fun to make and even better to eat taking you to Sicily island.Ingredients3 tablespoons olive oil, divided4 oil-packed anchovy fillets4 garlic cloves, sliced1/2 teaspoon crushed red pepper flakes2 pints cherry tomatoes, halvedKosher salt, freshly ground pepper1 pound (1""-thick) swordfish steaks2 tablespoons pine nuts12 ounces casarecce or other short pasta1/2 cup chopped fresh parsley, divided2 tablespoons golden raisinsDirectionsHeat 2 tablespoons oil in a large skillet over medium. Cook anchovies, garlic, and red pepper flakes, stirring occasionally, until anchovies disintegrate, about 3 minutes. Add half of tomatoes; season with salt and pepper. Cook, stirring occasionally, until sauce thickens, 12–15 minutes. Add remaining tomatoes; remove from heat.Meanwhile, heat remaining 1 tablespoon oil in a large skillet over medium-high. Season fish with salt and pepper and cook until golden brown and just cooked through, about 4 minutes per side. Let cool slightly. Coarsely flake flesh; discard skin.Toast nuts in a dry small skillet over medium-low heat, tossing often, until golden brown, about 4 minutes. Let cool.Cook pasta in a large pot of boiling salted water, stirring occasionally, until al dente. Drain, reserving 1 cup pasta cooking liquid.Add pasta and 1/2 cup pasta cooking liquid to tomato sauce and cook over low heat, tossing often, and adding more cooking liquid as needed, until sauce is thickened and coats pasta. Add fish to pasta along with half of parsley and toss once to combine.Add pasta and 1/2 cup pasta cooking liquid to tomato sauce and cook over low heat, tossing often, and adding more cooking liquid as needed, until sauce is thickened and coats pasta. Add fish to pasta along with half of parsley and toss once to combine.Serve pasta topped with raisins, pine nuts, and remaining parsley.","Ingredients3 tablespoons olive oil, divided4 oil-packed anchovy fillets4 garlic cloves, sliced1/2 teaspoon crushed red pepper flakes2 pints cherry tomatoes, halvedKosher salt, freshly ground pepper1 pound (1""-thick) swordfish steaks2 tablespoons pine nuts12 ounces casarecce or other short pasta1/2 cup chopped fresh parsley, divided2 tablespoons golden raisins","Heat 2 tablespoons oil in a large skillet over medium. Cook anchovies, garlic, and red pepper flakes, stirring occasionally, until anchovies disintegrate, about 3 minutes. Add half of tomatoes; season with salt and pepper. Cook, stirring occasionally, until sauce thickens, 12–15 minutes. Add remaining tomatoes; remove from heat.Meanwhile, heat remaining 1 tablespoon oil in a large skillet over medium-high. Season fish with salt and pepper and cook until golden brown and just cooked through, about 4 minutes per side. Let cool slightly. Coarsely flake flesh; discard skin.Toast nuts in a dry small skillet over medium-low heat, tossing often, until golden brown, about 4 minutes. Let cool.Cook pasta in a large pot of boiling salted water, stirring occasionally, until al dente. Drain, reserving 1 cup pasta cooking liquid.Add pasta and 1/2 cup pasta cooking liquid to tomato sauce and cook over low heat, tossing often, and adding more cooking liquid as needed, until sauce is thickened and coats pasta. Add fish to pasta along with half of parsley and toss once to combine.Add pasta and 1/2 cup pasta cooking liquid to tomato sauce and cook over low heat, tossing often, and adding more cooking liquid as needed, until sauce is thickened and coats pasta. Add fish to pasta along with half of parsley and toss once to combine.Serve pasta topped with raisins, pine nuts, and remaining parsley.",http://cdn.shopify.com/s/files/1/1148/3974/articles/Pasta_with_Swordfish_and_Cherry_Tomato_Sauce_large.png?v=1462438823
5,Plum Freezer Jam with Cardamon and Ginger,"February 23, 2016",by Ann Reed,for Stanley Plums,"Neither long simmering nor heat-canned, this vibrant, lightly spiced jam couldn't be simpler to prepare. Red-fleshed plums lend a gorgeous garnet color, but any variety works well. Ingredients1/3 cups coarsely chopped Meynard Plums (from about 1 1/4 pounds)1 (1-inch) piece ginger (about 1 1/2 ounces)1 1/3 cups sugar1/4 cup Ball® RealFruit® Instant Pectin2 tablespoons fresh lemon juice1/4 teaspoon freshly ground black pepper1/4 teaspoon ground cardamomDirectionsBring plums and 1 cup water to a boil in a medium saucepan, then reduce heat to low and simmer until plums begin to soften and liquid is reduced by about half, about 5 minutes.Meanwhile, finely grate ginger, then squeeze juice into a small bowl; discard pulp.Combine sugar and pectin in a large bowl. Add plum mixture, lemon juice, pepper, cardamom, and 1 tsp. ginger juice (discard any remaining juice), then stir constantly for about 3 minutes to activate pectin. Using a potato masher or fork, break up any large plum pieces, then let cool at least 30 minutes.Ladle jam into sterilized jars, leaving 1/2 from the top to allow for expansion. Cover and chill.",Ingredients1/3 cups coarsely chopped Meynard Plums (from about 1 1/4 pounds)1 (1-inch) piece ginger (about 1 1/2 ounces)1 1/3 cups sugar1/4 cup Ball® RealFruit® Instant Pectin2 tablespoons fresh lemon juice1/4 teaspoon freshly ground black pepper1/4 teaspoon ground cardamom,"Bring plums and 1 cup water to a boil in a medium saucepan, then reduce heat to low and simmer until plums begin to soften and liquid is reduced by about half, about 5 minutes.Meanwhile, finely grate ginger, then squeeze juice into a small bowl; discard pulp.Combine sugar and pectin in a large bowl. Add plum mixture, lemon juice, pepper, cardamom, and 1 tsp. ginger juice (discard any remaining juice), then stir constantly for about 3 minutes to activate pectin. Using a potato masher or fork, break up any large plum pieces, then let cool at least 30 minutes.Ladle jam into sterilized jars, leaving 1/2 from the top to allow for expansion. Cover and chill.",http://cdn.shopify.com/s/files/1/1148/3974/articles/Plum_Freezer_Jam_with_Cardamon_and_Ginger_large.png?v=1462438245
6,Oven Risotto with Kale Pesto,"February 23, 2016",by Ann Reed,for Green Mixed Spice,"If you have a ton of kale at home, this is a great use for it. This combination of rice and kale make them perfect candidates for a gorgeous veggie dinner.Ingredients1/2 cup walnuts, coarsely chopped, divided4 tablespoons olive oil, divided1 medium onion, finely chopped1 cup arborio riceKosher salt, freshly ground pepper1/2 cup dry white wine1 small garlic clove1 cup (packed) fresh parsley leaves3 tablespoons chopped fresh chives2 cups torn Tuscan kale leaves, divided2 tablespoons unsalted butter3 ounces Parmesan, finely grated (about 2 cups)DirectionsPreheat oven to 350°. Toast walnuts on a rimmed baking sheet, tossing occasionally, until golden brown, 8–10 minutes. Let cool.Meanwhile, heat 2 tablespoons oil in a large ovenproof saucepan over medium heat. Add onion and cook, stirring often, until softened and translucent, 5–8 minutes. Stir in rice; season with salt and pepper. Cook, stirring, until some grains are translucent, about 5 minutes.Add wine, bring to a simmer, and cook until pan is almost dry, about 3 minutes. Add 2 cups very hot water; season with salt and pepper. Bring to a simmer, cover, and bake in oven until liquid is mostly absorbed but rice is still starchy in the center, 15–18 minutes (it should be undercooked).Meanwhile, pulse garlic and half of toasted walnuts in a food processor until very finely ground. Add parsley, chives, half of kale, remaining 2 tablespoons oil, and 1/4 cup cold water; process until smooth; season pesto with salt and pepper.Set saucepan over medium heat. Add 3/4 cup very hot water and cook rice, stirring constantly, until it is tender but still has some bite and sauce is creamy, about 3 minutes. Stir in pesto, butter, three-quarters of Parmesan, and remaining kale. Adjust consistency with water, if needed; season with salt and pepper. Serve topped with remaining walnuts and cheese.","Ingredients1/2 cup walnuts, coarsely chopped, divided4 tablespoons olive oil, divided1 medium onion, finely chopped1 cup arborio riceKosher salt, freshly ground pepper1/2 cup dry white wine1 small garlic clove1 cup (packed) fresh parsley leaves3 tablespoons chopped fresh chives2 cups torn Tuscan kale leaves, divided2 tablespoons unsalted butter3 ounces Parmesan, finely grated (about 2 cups)","Preheat oven to 350°. Toast walnuts on a rimmed baking sheet, tossing occasionally, until golden brown, 8–10 minutes. Let cool.Meanwhile, heat 2 tablespoons oil in a large ovenproof saucepan over medium heat. Add onion and cook, stirring often, until softened and translucent, 5–8 minutes. Stir in rice; season with salt and pepper. Cook, stirring, until some grains are translucent, about 5 minutes.Add wine, bring to a simmer, and cook until pan is almost dry, about 3 minutes. Add 2 cups very hot water; season with salt and pepper. Bring to a simmer, cover, and bake in oven until liquid is mostly absorbed but rice is still starchy in the center, 15–18 minutes (it should be undercooked).Meanwhile, pulse garlic and half of toasted walnuts in a food processor until very finely ground. Add parsley, chives, half of kale, remaining 2 tablespoons oil, and 1/4 cup cold water; process until smooth; season pesto with salt and pepper.Set saucepan over medium heat. Add 3/4 cup very hot water and cook rice, stirring constantly, until it is tender but still has some bite and sauce is creamy, about 3 minutes. Stir in pesto, butter, three-quarters of Parmesan, and remaining kale. Adjust consistency with water, if needed; season with salt and pepper. Serve topped with remaining walnuts and cheese.",http://cdn.shopify.com/s/files/1/1148/3974/articles/Risotto_with_Kale_Pesto_large.png?v=1462438343
7,Pasta Pomodoro with Shrimp,"February 23, 2016",by Ann Reed,for Cherry Tomatoes 2016,"What’s your go-to quick midweek meal? Shrimps should be on your quick meal list. Tossing them with quickly cooked fresh tomatoes, garlic, and basil, the way how you get excellent filling to your pasta.Ingredients1/2 pound angel hair pasta3/4 pound raw, peeled, deveined shrimp (medium sized)4 ripe Campari Tomatoes3 cloves garlic, minced1/3 cup torn fresh basil leaves3 Tbsp olive oil (divided, 1 Tbsp and 2 Tbsp)Salt and freshly ground black pepper to tasteDirectionsFill a large pot with 2 quarts of water. Bring to a boil (You will be using this water to both blanch the tomatoes and boil the pasta.) Core the tomatoes and use a sharp knife to cut a small X into the bottom end of each tomato. When the water is boiling, use a slotted spoon to lower the tomatoes into the water. Blanch for no more than one minute, just enough to loosen the skins. Remove tomatoes with a slotted spoon to a bowl of icy water, saving the blanching water.Peel off the tomato skins from the tomatoes. Cut the tomatoes crosswise in half, and squeeze out most of the seeds and juices. Chop the tomatoes into 1-inch pieces.Heat 1 Tbsp of olive oil in a large sauté pan on medium high heat. Add the shrimp to the pan and cook for 1 minute. Turn the shrimp over in the pan. Lower the heat to medium.Add the garlic, cook a minute more. Add the chopped tomatoes and basil. Sprinkle with salt. Cook for a minute more and remove from heat.Add a tablespoon of salt to the water you used to blanch the tomatoes. Bring to a boil again. Add the angel hair pasta and cook for 3 minutes.Drain the pasta and immediately add to pot with the shrimp and tomatoes. Drizzle the pasta with 2 Tbsp of olive oil. Then stir the pasta in with the shrimp and tomatoes. Serve immediately or at room temp.Thanks               
                   simplyrecipes.com 
                   for recipe","Ingredients1/2 pound angel hair pasta3/4 pound raw, peeled, deveined shrimp (medium sized)4 ripe Campari Tomatoes3 cloves garlic, minced1/3 cup torn fresh basil leaves3 Tbsp olive oil (divided, 1 Tbsp and 2 Tbsp)Salt and freshly ground black pepper to taste","Fill a large pot with 2 quarts of water. Bring to a boil (You will be using this water to both blanch the tomatoes and boil the pasta.) Core the tomatoes and use a sharp knife to cut a small X into the bottom end of each tomato. When the water is boiling, use a slotted spoon to lower the tomatoes into the water. Blanch for no more than one minute, just enough to loosen the skins. Remove tomatoes with a slotted spoon to a bowl of icy water, saving the blanching water.Peel off the tomato skins from the tomatoes. Cut the tomatoes crosswise in half, and squeeze out most of the seeds and juices. Chop the tomatoes into 1-inch pieces.Heat 1 Tbsp of olive oil in a large sauté pan on medium high heat. Add the shrimp to the pan and cook for 1 minute. Turn the shrimp over in the pan. Lower the heat to medium.Add the garlic, cook a minute more. Add the chopped tomatoes and basil. Sprinkle with salt. Cook for a minute more and remove from heat.Add a tablespoon of salt to the water you used to blanch the tomatoes. Bring to a boil again. Add the angel hair pasta and cook for 3 minutes.Drain the pasta and immediately add to pot with the shrimp and tomatoes. Drizzle the pasta with 2 Tbsp of olive oil. Then stir the pasta in with the shrimp and tomatoes. Serve immediately or at room temp.",http://cdn.shopify.com/s/files/1/1148/3974/articles/pasta-pomodoro-with-shrimp-horiz-a-800_grande_99f8f7fb-8733-41b3-82db-3e2641572e56_large.jpg?v=1456216102
8,Spinach Puffs,"February 23, 2016",by Ann Reed,for Spinach,"Serve these little spinach pies with a main course as your vegetable side and dinner roll in one, or eat a couple for a vegetarian dinner—they're that good.Ingredients1 10-ounce package frozen chopped spinach, thawed1 garlic1/2 cup crumbled feta1/4 cup minced onion1 tablespoon olive oil1 teaspoon chopped dill1 teaspoon minced garlicKosher salt and freshly ground black pepper2 large eggs1 sheet frozen puff pastry (from a 17.3-ounces package), thawed, rolled out to a 12"" square, kept chilled6-cup muffin panDirectionsUsing your hands, squeeze spinach until dry, forcing out as much water as possible (too much water will make for a soggy filling; you should have about 2/3 cup well-drained spinach). Mix spinach and next 5 ingredients in a medium bowl. Season to taste with salt and pepper. In a small bowl, beat 1 egg to blend; fold into spinach mixture.Cut puff pastry into 3 equal strips. Reserve 1 strip for another use. Cut each remaining strip into 3 squares for a total of 6. Place a square in each muffin cup, pressing into bottom and up sides and leaving corners pointing up. Divide filling among cups. Fold pastry over filling, pressing corners together to meet in center. DO AHEAD: Spinach puffs can be assembled 3 hours ahead. Cover puffs and chill.Preheat oven to 400°F. Beat remaining egg to blend in a small bowl. Brush pastry with egg wash (this will give the pastry a nice sheen). Bake until pastry is golden brown and puffed, about 25 minutes. Transfer to a wire rack; let puffs cool in pan for 10 minutes. Run a sharp paring knife around pan edges to loosen; turn out puffs onto rack to cool slightly before serving.","Ingredients1 10-ounce package frozen chopped spinach, thawed1 garlic1/2 cup crumbled feta1/4 cup minced onion1 tablespoon olive oil1 teaspoon chopped dill1 teaspoon minced garlicKosher salt and freshly ground black pepper2 large eggs1 sheet frozen puff pastry (from a 17.3-ounces package), thawed, rolled out to a 12"" square, kept chilled6-cup muffin pan","Using your hands, squeeze spinach until dry, forcing out as much water as possible (too much water will make for a soggy filling; you should have about 2/3 cup well-drained spinach). Mix spinach and next 5 ingredients in a medium bowl. Season to taste with salt and pepper. In a small bowl, beat 1 egg to blend; fold into spinach mixture.Cut puff pastry into 3 equal strips. Reserve 1 strip for another use. Cut each remaining strip into 3 squares for a total of 6. Place a square in each muffin cup, pressing into bottom and up sides and leaving corners pointing up. Divide filling among cups. Fold pastry over filling, pressing corners together to meet in center. DO AHEAD: Spinach puffs can be assembled 3 hours ahead. Cover puffs and chill.Preheat oven to 400°F. Beat remaining egg to blend in a small bowl. Brush pastry with egg wash (this will give the pastry a nice sheen). Bake until pastry is golden brown and puffed, about 25 minutes. Transfer to a wire rack; let puffs cool in pan for 10 minutes. Run a sharp paring knife around pan edges to loosen; turn out puffs onto rack to cool slightly before serving.",http://cdn.shopify.com/s/files/1/1148/3974/articles/Spinach-Puffs_large.jpg?v=1462445399
9,Pasta with Swordfish and Cherry Tomato Sauce,"February 23, 2016",by Ann Reed,for Cherry Tomatoes 2016,"This recipe is the epitome of Sicily with the swordfish, pine nuts, and golden raisins. It is fun to make and even better to eat taking you to Sicily island.Ingredients3 tablespoons olive oil, divided4 oil-packed anchovy fillets4 garlic cloves, sliced1/2 teaspoon crushed red pepper flakes2 pints cherry tomatoes, halvedKosher salt, freshly ground pepper1 pound (1""-thick) swordfish steaks2 tablespoons pine nuts12 ounces casarecce or other short pasta1/2 cup chopped fresh parsley, divided2 tablespoons golden raisinsDirectionsHeat 2 tablespoons oil in a large skillet over medium. Cook anchovies, garlic, and red pepper flakes, stirring occasionally, until anchovies disintegrate, about 3 minutes. Add half of tomatoes; season with salt and pepper. Cook, stirring occasionally, until sauce thickens, 12–15 minutes. Add remaining tomatoes; remove from heat.Meanwhile, heat remaining 1 tablespoon oil in a large skillet over medium-high. Season fish with salt and pepper and cook until golden brown and just cooked through, about 4 minutes per side. Let cool slightly. Coarsely flake flesh; discard skin.Toast nuts in a dry small skillet over medium-low heat, tossing often, until golden brown, about 4 minutes. Let cool.Cook pasta in a large pot of boiling salted water, stirring occasionally, until al dente. Drain, reserving 1 cup pasta cooking liquid.Add pasta and 1/2 cup pasta cooking liquid to tomato sauce and cook over low heat, tossing often, and adding more cooking liquid as needed, until sauce is thickened and coats pasta. Add fish to pasta along with half of parsley and toss once to combine.Add pasta and 1/2 cup pasta cooking liquid to tomato sauce and cook over low heat, tossing often, and adding more cooking liquid as needed, until sauce is thickened and coats pasta. Add fish to pasta along with half of parsley and toss once to combine.Serve pasta topped with raisins, pine nuts, and remaining parsley.","Ingredients3 tablespoons olive oil, divided4 oil-packed anchovy fillets4 garlic cloves, sliced1/2 teaspoon crushed red pepper flakes2 pints cherry tomatoes, halvedKosher salt, freshly ground pepper1 pound (1""-thick) swordfish steaks2 tablespoons pine nuts12 ounces casarecce or other short pasta1/2 cup chopped fresh parsley, divided2 tablespoons golden raisins","Heat 2 tablespoons oil in a large skillet over medium. Cook anchovies, garlic, and red pepper flakes, stirring occasionally, until anchovies disintegrate, about 3 minutes. Add half of tomatoes; season with salt and pepper. Cook, stirring occasionally, until sauce thickens, 12–15 minutes. Add remaining tomatoes; remove from heat.Meanwhile, heat remaining 1 tablespoon oil in a large skillet over medium-high. Season fish with salt and pepper and cook until golden brown and just cooked through, about 4 minutes per side. Let cool slightly. Coarsely flake flesh; discard skin.Toast nuts in a dry small skillet over medium-low heat, tossing often, until golden brown, about 4 minutes. Let cool.Cook pasta in a large pot of boiling salted water, stirring occasionally, until al dente. Drain, reserving 1 cup pasta cooking liquid.Add pasta and 1/2 cup pasta cooking liquid to tomato sauce and cook over low heat, tossing often, and adding more cooking liquid as needed, until sauce is thickened and coats pasta. Add fish to pasta along with half of parsley and toss once to combine.Add pasta and 1/2 cup pasta cooking liquid to tomato sauce and cook over low heat, tossing often, and adding more cooking liquid as needed, until sauce is thickened and coats pasta. Add fish to pasta along with half of parsley and toss once to combine.Serve pasta topped with raisins, pine nuts, and remaining parsley.",http://cdn.shopify.com/s/files/1/1148/3974/articles/Pasta_with_Swordfish_and_Cherry_Tomato_Sauce_large.png?v=1462438823
10,Fuji Apple Tarte Tatin,"February 23, 2016",by Ann Reed,for Golden Delicious Apples,"This recipe is a keeper as it is easy to make, looks fabulous and tastes great! It makes one feel so, how you say?...French. There would be no leftovers at your dinner party.IngredientsNonstick vegetable oil spray8 medium Fuji apples1 cup sugar6 tablespoons water1/4 cup (1/2 stick) unsalted butter1 sheet frozen puff pastry (half of 17.3-ounce package), thawedDirectionsPosition rack in top third of oven and preheat to 425°F. Spray 8-inch-diameter cake pan with 3-inch-high sides with nonstick spray. Peel, quarter and core apples; place in bowl and set aside.Combine sugar and 6 tablespoons water in heavy medium saucepan. Stir over medium heat until sugar dissolves, occasionally brushing down sides of pan with wet pastry brush. Increase heat and boil without stirring until syrup is deep amber, occasionally brushing down sides of pan with wet pastry brush and swirling pan, about 10 minutes. Remove pan from heat. Add butter (caramel will bubble vigorously); stir to blend. Pour caramel into prepared pan. Let cool 5 minutes.Working carefully, stand apples on end in concentric circles in pan, crowding together as much as possible. Cut any remaining apple quarters into thin wedges; insert into empty spaces. Place pan directly over medium heat and bring caramel to simmer, about 2 minutes.Place pan in oven; bake until apples are tender and caramel bubbles thickly, occasionally pressing apples lightly with spatula to compact, about 1 1/2 hours.Meanwhile, unfold pastry sheet on work surface. Using 9-inch tart pan bottom as aid, cut out 9-inch round; pierce all over with fork. Chill until ready to use.Remove pan from oven. Top apples with pastry; tuck in edges. Return to oven; bake until pastry is golden, about 20 minutes. Transfer pan to rack. Cool tart completely in pan, about 3 hours.Place platter atop pan. Hold platter and pan and invert; tart will fall out onto platter. Cut into wedges and serve.","IngredientsNonstick vegetable oil spray8 medium Fuji apples1 cup sugar6 tablespoons water1/4 cup (1/2 stick) unsalted butter1 sheet frozen puff pastry (half of 17.3-ounce package), thawed","Position rack in top third of oven and preheat to 425°F. Spray 8-inch-diameter cake pan with 3-inch-high sides with nonstick spray. Peel, quarter and core apples; place in bowl and set aside.Combine sugar and 6 tablespoons water in heavy medium saucepan. Stir over medium heat until sugar dissolves, occasionally brushing down sides of pan with wet pastry brush. Increase heat and boil without stirring until syrup is deep amber, occasionally brushing down sides of pan with wet pastry brush and swirling pan, about 10 minutes. Remove pan from heat. Add butter (caramel will bubble vigorously); stir to blend. Pour caramel into prepared pan. Let cool 5 minutes.Working carefully, stand apples on end in concentric circles in pan, crowding together as much as possible. Cut any remaining apple quarters into thin wedges; insert into empty spaces. Place pan directly over medium heat and bring caramel to simmer, about 2 minutes.Place pan in oven; bake until apples are tender and caramel bubbles thickly, occasionally pressing apples lightly with spatula to compact, about 1 1/2 hours.Meanwhile, unfold pastry sheet on work surface. Using 9-inch tart pan bottom as aid, cut out 9-inch round; pierce all over with fork. Chill until ready to use.Remove pan from oven. Top apples with pastry; tuck in edges. Return to oven; bake until pastry is golden, about 20 minutes. Transfer pan to rack. Cool tart completely in pan, about 3 hours.Place platter atop pan. Hold platter and pan and invert; tart will fall out onto platter. Cut into wedges and serve.",http://cdn.shopify.com/s/files/1/1148/3974/articles/Apple_Tarte_Tatin_large.png?v=1462438204
11,Granny’s Apple Pie,"February 23, 2016",by Ann Reed,for Golden Delicious Apples,"Excellent, not too sugary sweet taste that makes you feel cozy like the time you were a kid visiting your Grandma. Give it a try and share this feeling with others baking the most requested pie.Ingredients1.5 (15 ounce) packages refrigerated pie crusts, divided6 medium granny smith apples, peeled and sliced (about 6 cups)1 1⁄2 tablespoons lemon juice3⁄4 cup firmly packed brown sugar1⁄2 cup granulated sugar1⁄3 cup all-purpose flour1 teaspoon ground cinnamon1⁄2 teaspoon ground nutmeg DirectionsUnroll and stack 2 pie crusts; gently roll or press together.Fit pastry into a 9 inch deep-dish pie plate.Toss together apples and lemon juice in a large bowl.Combine brown sugar, granulated sugar, and next 3 ingredients; sprinkle over apple mixture and toss to coat.Spoon into prepared pie crust.Unroll and place remaining pie crust over filling.Fold edges under, and crimp; cut slits in top for steam to escape. (I also cover the crimped edges of my crust with foil to prevent burning).Bake at 450 degrees for 15 minutes. Reduce temperature to 350 degrees, and bake for 30-35 minutes.Thanks               
                   Apple Pie 
                    for recipe ","Ingredients1.5 (15 ounce) packages refrigerated pie crusts, divided6 medium granny smith apples, peeled and sliced (about 6 cups)1 1⁄2 tablespoons lemon juice3⁄4 cup firmly packed brown sugar1⁄2 cup granulated sugar1⁄3 cup all-purpose flour1 teaspoon ground cinnamon1⁄2 teaspoon ground nutmeg ","Unroll and stack 2 pie crusts; gently roll or press together.Fit pastry into a 9 inch deep-dish pie plate.Toss together apples and lemon juice in a large bowl.Combine brown sugar, granulated sugar, and next 3 ingredients; sprinkle over apple mixture and toss to coat.Spoon into prepared pie crust.Unroll and place remaining pie crust over filling.Fold edges under, and crimp; cut slits in top for steam to escape. (I also cover the crimped edges of my crust with foil to prevent burning).Bake at 450 degrees for 15 minutes. Reduce temperature to 350 degrees, and bake for 30-35 minutes.",http://cdn.shopify.com/s/files/1/1148/3974/articles/blog_recipe_01_grande_752a3238-c404-4c44-84f3-1e7bc30b54b8_large.jpg?v=1456215865
12,Roasted Squash With Lemon-Tahini Sauce,"February 23, 2016",by Ann Reed,for Red Kabocha Squash,"Browned edges mean great flavor especially for this dish. You are in need of variety at your dinner parties? This one gonna be an excellent addition to your dinner entree. Ingredients1 small kabocha squash or large acorn squash (1 pound), scrubbed1 1-pound delicata squash, scrubbed, cut into 1""-thick wedges or rings, seeded7 tablespoons extra-virgin olive oil, divided1 1/2 teaspoons cumin seeds, dividedKosher salt, freshly ground pepper4 scallions, cut into 2"" pieces2 tablespoons fresh lemon juice1 tablespoon tahini (sesame seed paste)Aleppo pepper or crushed red pepper flakesDirectionsArrange racks in upper and lower thirds of oven; preheat to 425°F. Place kabocha on a rimmed baking sheet and delicata on a second sheet. Divide 3 tablespoons oil and 1 1/4 teaspoons cumin between sheets. Season squash with salt and pepper; toss. Roast for 15 minutes.Combine remaining 1/4 teaspoon cumin, 1 tablespoon oil, and scallions in a small bowl; season with salt and pepper and toss to evenly coat. Scatter scallion mixture over squash, dividing evenly between sheets, and continue to roast until squash is tender but not mushy, about 15 minutes longer (time may vary depending on squash).Meanwhile, whisk lemon juice, tahini, and 1 tablespoon water in a small bowl to blend. Gradually whisk in remaining 3 tablespoons oil. Season to taste with salt and pepper.Transfer squash to a platter. Drizzle tahini sauce over and sprinkle with Aleppo pepper.","Ingredients1 small kabocha squash or large acorn squash (1 pound), scrubbed1 1-pound delicata squash, scrubbed, cut into 1""-thick wedges or rings, seeded7 tablespoons extra-virgin olive oil, divided1 1/2 teaspoons cumin seeds, dividedKosher salt, freshly ground pepper4 scallions, cut into 2"" pieces2 tablespoons fresh lemon juice1 tablespoon tahini (sesame seed paste)Aleppo pepper or crushed red pepper flakes","Arrange racks in upper and lower thirds of oven; preheat to 425°F. Place kabocha on a rimmed baking sheet and delicata on a second sheet. Divide 3 tablespoons oil and 1 1/4 teaspoons cumin between sheets. Season squash with salt and pepper; toss. Roast for 15 minutes.Combine remaining 1/4 teaspoon cumin, 1 tablespoon oil, and scallions in a small bowl; season with salt and pepper and toss to evenly coat. Scatter scallion mixture over squash, dividing evenly between sheets, and continue to roast until squash is tender but not mushy, about 15 minutes longer (time may vary depending on squash).Meanwhile, whisk lemon juice, tahini, and 1 tablespoon water in a small bowl to blend. Gradually whisk in remaining 3 tablespoons oil. Season to taste with salt and pepper.Transfer squash to a platter. Drizzle tahini sauce over and sprinkle with Aleppo pepper.",http://cdn.shopify.com/s/files/1/1148/3974/articles/Roasted_Squash_With_Lemon-Tahini_Sauce_9a9e90a4-7474-470d-9299-908d0f2a1760_large.png?v=1462444942
13,Mini Puff Pastry Apple Roses,"February 23, 2016",by Ann Reed,for Golden Delicious Apples,"There are so many iterations of apple roses online, each more beautiful than the last. This particular ones are super simple to put together and fun to eat too. They’re basically a rolled up version of an apple tart. So it is gonna be a tempting dessert for apple-lovers.Ingredients1-2 Empire Apples, cored and sliced as thin as possibleSqueeze of lemon juiceFlour, to dust1 sheet frozen puff pastry, thawed3 tablespoons apricot preserves1/8 teaspoon cinnamonDirectionsLightly butter a muffin tin. Preheat the oven to 375°F.Place the apple slices in a bowl with the lemon juice and cover with water. Microwave until the slices are slightly softened, about 3 minutes.Lightly flour your workspace and roll out the puff pastry as thin as possible, keeping it in a rectangular shape. You want the pastry to be fairly thin – if you leave the puff too thick, it will have issues baking all the way through. Trim the pastry into 6 or 12 strips, depending on if you are making mini or regular roses.Mix the apricot preserves with 2 tablespoons of hot water and stir well. Brush onto the puff pastry. Place the apple slices on the puff, about halfway down, overlapping. Sprinkle with a touch of cinnamon, if using. Fold up the puff pastry and gently roll up, placing into the prepared tin when done.Bake until puff is golden brown and cooked through, 40-45 minutes. If the apples start to brown too much, cover with a piece of foil. Remove, let cool, and enjoy!Thanks               
                   iamafoodblog.com 
                  for recipe","Ingredients1-2 Empire Apples, cored and sliced as thin as possibleSqueeze of lemon juiceFlour, to dust1 sheet frozen puff pastry, thawed3 tablespoons apricot preserves1/8 teaspoon cinnamon","Lightly butter a muffin tin. Preheat the oven to 375°F.Place the apple slices in a bowl with the lemon juice and cover with water. Microwave until the slices are slightly softened, about 3 minutes.Lightly flour your workspace and roll out the puff pastry as thin as possible, keeping it in a rectangular shape. You want the pastry to be fairly thin – if you leave the puff too thick, it will have issues baking all the way through. Trim the pastry into 6 or 12 strips, depending on if you are making mini or regular roses.Mix the apricot preserves with 2 tablespoons of hot water and stir well. Brush onto the puff pastry. Place the apple slices on the puff, about halfway down, overlapping. Sprinkle with a touch of cinnamon, if using. Fold up the puff pastry and gently roll up, placing into the prepared tin when done.Bake until puff is golden brown and cooked through, 40-45 minutes. If the apples start to brown too much, cover with a piece of foil. Remove, let cool, and enjoy!",http://cdn.shopify.com/s/files/1/1148/3974/articles/apple-roses-14_grande_ed4bd0cb-8823-4f65-b334-ebcd3ceade65_large.jpg?v=1456215595
14,Roasted Red Onion Flowers,"February 23, 2016",by Ann Reed,for Red Onions,"Embroidery on your table is not forbidden if you can eat it. These onions are the case when your food looks intriguing and tastes delicious.Ingredients6 medium red onions, skin on, roots intact6 tablespoons olive oil, dividedSalt (smoked is delicious here)Herbs-either a few bay leaves or a few sprigs of rosemary and thymeFreshly ground black pepperDirectionsPreheat oven to 350°.Make a total of 4 vertical cuts in each onion to create 8 wedges still attached at the root end.Drizzle a little of the olive oil into a baking dish, then arrange onions root end down.Spoon remaining olive oil into and around onions. Sprinkle generously with salt, getting some into the center of the onions. Toss in herbs.Roast for 40 minutes. Rearrange onions so that their petals open, and drizzle with a few spoonfuls of the caramelized onion juices from the pan. Roast until onions are tender on the inside with crispy bits on their outer petals, about 20 minutes longer. Season with pepper and more salt to taste. Serve hot or at room temperature as a side dish, or as dinner with a good cheese and a green salad.Thanks               
                   allrecipes.com 
                  for recipe","Ingredients6 medium red onions, skin on, roots intact6 tablespoons olive oil, dividedSalt (smoked is delicious here)Herbs-either a few bay leaves or a few sprigs of rosemary and thymeFreshly ground black pepper","Preheat oven to 350°.Make a total of 4 vertical cuts in each onion to create 8 wedges still attached at the root end.Drizzle a little of the olive oil into a baking dish, then arrange onions root end down.Spoon remaining olive oil into and around onions. Sprinkle generously with salt, getting some into the center of the onions. Toss in herbs.Roast for 40 minutes. Rearrange onions so that their petals open, and drizzle with a few spoonfuls of the caramelized onion juices from the pan. Roast until onions are tender on the inside with crispy bits on their outer petals, about 20 minutes longer. Season with pepper and more salt to taste. Serve hot or at room temperature as a side dish, or as dinner with a good cheese and a green salad.",http://cdn.shopify.com/s/files/1/1148/3974/articles/51238840_roasted-red-onion_1x1_grande_66c74ef9-b6df-4f43-833e-eabd2ccca86a_large.jpg?v=1456215533
15,Herbed Corn Oil,"February 23, 2016",by Ann Reed,for Parsley,It is great to experiment and give it a try to some new flavours even for the oil you're using in your cooking. Simple oil can be absolutely different and become incredibly enriched with new flavors if you add a bunch of fresh herbs to it.Ingredients3 cups (packed) fresh parsley leaves1 garlic1 tablespoon finely grated lemon zest1 1/4 cups extra-virgin olive oil1/2 teaspoon kosher saltDirectionsPeel garlic and grind it meticulously. Pulse parsley and lemon zest in a food processor until coarsely chopped.Add garlic and pulse again.Add oil and salt and pulse again until well combined.Herbed oil can be stored in an airtight container in the refrigerator for up to 2 days.,Ingredients3 cups (packed) fresh parsley leaves1 garlic1 tablespoon finely grated lemon zest1 1/4 cups extra-virgin olive oil1/2 teaspoon kosher salt,Peel garlic and grind it meticulously. Pulse parsley and lemon zest in a food processor until coarsely chopped.Add garlic and pulse again.Add oil and salt and pulse again until well combined.Herbed oil can be stored in an airtight container in the refrigerator for up to 2 days.,http://cdn.shopify.com/s/files/1/1148/3974/articles/Herbed_corn_oil_large.png?v=1462443951
16,Plum Galette,"February 23, 2016",by Ann Reed,for Strawberries,"The beauty of plums becomes all the more evident when they are displayed in a galette. Accompanied by sweetened Armagnac crème fraîche, this one makes a wonderfully sophisticated dessert.IngredientsPastry dough for a single-crust pie2 tablespoons semolina flour8 tablespoons granulated sugar5 large red plums (1 1/2 lb), halved, pitted, and each cut lengthwise into 8 wedges1 tablespoon confectioners sugar3/4 cup creame frache or sour cream1 tablespoon Armagnac or Cognac (optional)Special equipment: parchment paperDirectionsPut oven rack in middle position and preheat oven to 375°F. Line a large (17- by 12-inch) baking sheet with parchment paper.Roll out dough on a lightly floured surface with a lightly floured rolling pin into a 13-inch round. Transfer to baking sheet.Stir together semolina flour and 2 tablespoons granulated sugar and spread evenly over dough, leaving a 1-inch border. Arrange plums, skin sides down, in 1 layer on top of sugar mixture, then sprinkle plums with 3 tablespoons granulated sugar. Fold in edge of dough to cover outer rim of plums, pleating dough as necessary.Bake galette, loosely covered with a sheet of foil, 40 minutes. Remove foil and bake until fruit is tender and juices are bubbling, about 5 minutes more.Transfer galette on baking sheet to a rack and immediately brush hot juices over plums using a pastry brush. Dust hot galette with confectioners sugar. Cool to warm or room temperature, about 30 minutes.","IngredientsPastry dough for a single-crust pie2 tablespoons semolina flour8 tablespoons granulated sugar5 large red plums (1 1/2 lb), halved, pitted, and each cut lengthwise into 8 wedges1 tablespoon confectioners sugar3/4 cup creame frache or sour cream1 tablespoon Armagnac or Cognac (optional)Special equipment: parchment paper","Put oven rack in middle position and preheat oven to 375°F. Line a large (17- by 12-inch) baking sheet with parchment paper.Roll out dough on a lightly floured surface with a lightly floured rolling pin into a 13-inch round. Transfer to baking sheet.Stir together semolina flour and 2 tablespoons granulated sugar and spread evenly over dough, leaving a 1-inch border. Arrange plums, skin sides down, in 1 layer on top of sugar mixture, then sprinkle plums with 3 tablespoons granulated sugar. Fold in edge of dough to cover outer rim of plums, pleating dough as necessary.Bake galette, loosely covered with a sheet of foil, 40 minutes. Remove foil and bake until fruit is tender and juices are bubbling, about 5 minutes more.Transfer galette on baking sheet to a rack and immediately brush hot juices over plums using a pastry brush. Dust hot galette with confectioners sugar. Cool to warm or room temperature, about 30 minutes.",http://cdn.shopify.com/s/files/1/1148/3974/articles/plum-galette-horiz-a-640_grande_c9c087e4-700d-4ba1-83ba-826025b11984_large.jpg?v=1456215393
17,Plum Tarts With Honey and Black Pepper,"February 23, 2016",by Ann Reed,for Strawberries,"Consider this a two-ingredient tart. Besides the plums and pastry, we bet you have everything else on hand.Ingredients1 pound Stanley plums, pitted, cut into 1/2 wedges1 sheet frozen puff pastry (one 14-ounce package or half of 17.3-ounce package), thawed according to package directions1/4 cup sugarFreshly ground black pepper1 tablespoon honeyFlaky sea salt (such as Maldon)DirectionsPreheat oven to 425°. Cut pastry into six 4"" squares, place on a parchment-lined baking sheet, and prick all over with a fork. Top with plums, leaving a 1/2 border.Sprinkle with sugar; season with a few grinds of pepper.Bake tarts, rotating pan halfway through, until edges of pastry are puffed and golden brown, 25-30 minutes.Drizzle with honey and sprinkle with salt just before serving.Do ahead: Tarts can be baked 4 hours ahead. Keep at room temperature.","Ingredients1 pound Stanley plums, pitted, cut into 1/2 wedges1 sheet frozen puff pastry (one 14-ounce package or half of 17.3-ounce package), thawed according to package directions1/4 cup sugarFreshly ground black pepper1 tablespoon honeyFlaky sea salt (such as Maldon)","Preheat oven to 425°. Cut pastry into six 4"" squares, place on a parchment-lined baking sheet, and prick all over with a fork. Top with plums, leaving a 1/2 border.Sprinkle with sugar; season with a few grinds of pepper.Bake tarts, rotating pan halfway through, until edges of pastry are puffed and golden brown, 25-30 minutes.Drizzle with honey and sprinkle with salt just before serving.Do ahead: Tarts can be baked 4 hours ahead. Keep at room temperature.",http://cdn.shopify.com/s/files/1/1148/3974/articles/Plum-tarts_large.png?v=1462444405
18,Peach Salsa,"February 23, 2016",by Ann Reed,for Peaches,"At your disposal, here’s a quick and easy salsa, made with fresh peaches, jalapeños, lemon, ginger and mint, that goes beautifully with the grilled meats of your outdoor dinners.Ingredients4 ripe but firm yellow peaches2-3 Tbsp chopped shallots or onions2-3 jalapenosLemon juice2 Tbsp chopped fresh mint2 Tbsp grated ginger1 teaspoon sugarSalt and black pepper to tasteDirectionsPrepare peaches. Skin on or off, your choice, skin on makes for better color, but if skin is too thick or fuzzy you may want to peel first. Then chop.Put the chopped peaches, shallots, and jalapeños in the bowl of a food processor. Add the remaining ingredients. Pulse 2-3 times, just enough to get most the pieces small and to well combine the salsa. Do not liquefy it.Place salsa into a bowl and cover. Let stand for an hour before serving to give the ingredients time to meld.Serve with chips, with fish, pork, or chicken.Thanks               
                   simplyrecipes.com 
                   for recipe",Ingredients4 ripe but firm yellow peaches2-3 Tbsp chopped shallots or onions2-3 jalapenosLemon juice2 Tbsp chopped fresh mint2 Tbsp grated ginger1 teaspoon sugarSalt and black pepper to taste,"Prepare peaches. Skin on or off, your choice, skin on makes for better color, but if skin is too thick or fuzzy you may want to peel first. Then chop.Put the chopped peaches, shallots, and jalapeños in the bowl of a food processor. Add the remaining ingredients. Pulse 2-3 times, just enough to get most the pieces small and to well combine the salsa. Do not liquefy it.Place salsa into a bowl and cover. Let stand for an hour before serving to give the ingredients time to meld.Serve with chips, with fish, pork, or chicken.",http://cdn.shopify.com/s/files/1/1148/3974/articles/peach-salsa-a_grande_af134402-ef32-400a-8b83-443f615cf610_large.jpg?v=1456215174
19,Warm Almond Cake with Grapes,"February 23, 2016",by Ann Reed,for Thompson Seedless Grapes,"You would like serving these chewy, moist almond cakes, which are based on the financier, a French pastry, as do we. Definitely a go-to recipe for a quick, delicious dessert still with sophisticated Fresh flavor.Ingredients1 1/2 tablespoons Cognac (optional)1 cup Thompson Seedless Grapes, halved3/4 cup whole blanched almonds (3 3/4 ounces)1/2 cup sugar1 stick (1/2 cup) unsalted butter, softened3/4 teaspoon vanilla2 large eggs1/3 cup all-purpose flour1/8 teaspoon saltDirectionsPut oven rack in upper third of oven and preheat oven to 400°F.If using Cognac, toss grapes with it in a small bowl.Pulse half of almonds with 1 tablespoon sugar in a blender until finely ground. Transfer to a small bowl and repeat with remaining almonds and 1 more tablespoon sugar.Beat together butter and remaining 6 tablespoons sugar in a bowl with an electric mixer at high speed until pale and fluffy, then beat in vanilla. Add eggs 1 at a time, beating well after each addition. Reduce speed to low and beat in ground almonds, flour, and salt until just combined.Divide batter among gratin dishes and press grapes lightly into a batter (discard Cognac). Bake in dishes on a baking sheet until cake is firm and pale golden with slightly darker edges, about 20 minutes.Transfer cakes to a rack and cool slightly in dishes before serving.","Ingredients1 1/2 tablespoons Cognac (optional)1 cup Thompson Seedless Grapes, halved3/4 cup whole blanched almonds (3 3/4 ounces)1/2 cup sugar1 stick (1/2 cup) unsalted butter, softened3/4 teaspoon vanilla2 large eggs1/3 cup all-purpose flour1/8 teaspoon salt","Put oven rack in upper third of oven and preheat oven to 400°F.If using Cognac, toss grapes with it in a small bowl.Pulse half of almonds with 1 tablespoon sugar in a blender until finely ground. Transfer to a small bowl and repeat with remaining almonds and 1 more tablespoon sugar.Beat together butter and remaining 6 tablespoons sugar in a bowl with an electric mixer at high speed until pale and fluffy, then beat in vanilla. Add eggs 1 at a time, beating well after each addition. Reduce speed to low and beat in ground almonds, flour, and salt until just combined.Divide batter among gratin dishes and press grapes lightly into a batter (discard Cognac). Bake in dishes on a baking sheet until cake is firm and pale golden with slightly darker edges, about 20 minutes.Transfer cakes to a rack and cool slightly in dishes before serving.",http://cdn.shopify.com/s/files/1/1148/3974/articles/Warm_Almond_Cake_with_Grapes_large.png?v=1462438131
20,Basil Pesto,"February 23, 2016",by Ann Reed,for Basil,"This is a classic recipe for best pesto if you like the real deal.Ingredients2 cups fresh basil1/4 cup grated parmesan cheese1/4 cup pine nuts1 garlic clove1/2 teaspoon salt1/4 cup olive oilDirectionsPlace the basil in a blender.Pour in about 1/4 cup of the olive oil, and blend basil into a paste.Gradually add pine nuts, Parmesan cheese, garlic, and remaining oil.Continue to blend until smooth.Season your main dish with the sauce. ",Ingredients2 cups fresh basil1/4 cup grated parmesan cheese1/4 cup pine nuts1 garlic clove1/2 teaspoon salt1/4 cup olive oil,"Place the basil in a blender.Pour in about 1/4 cup of the olive oil, and blend basil into a paste.Gradually add pine nuts, Parmesan cheese, garlic, and remaining oil.Continue to blend until smooth.Season your main dish with the sauce. ",http://cdn.shopify.com/s/files/1/1148/3974/articles/Basil_pesto_large.png?v=1462444520
21,Radish Yogurt with Pine Nuts,"February 23, 2016",by Ann Reed,for Radishes,"Keen on healthy nutrition? This recipe of radish yogurt is your saver for a great breakfast or lunch.Ingredients8 medium radishes, very thinly slicedKosher salt1 tablespoon pine nuts1 1/4 cups low-fat plain Greek yogurt1/2 teaspoon finely grated lemon zest, plus more for serving1 tablespoon fresh lemon juice3 tablespoons olive oil, dividedFreshly ground black pepperCucumber spears (for serving)DirectionsToss radishes in a small bowl with a couple pinches of salt. Let sit until salt begins to draw out water from radishes, about 5 minutes.Meanwhile, toast pine nuts in a medium skillet over medium-high heat, tossing often, until golden brown, about 2 minutes. Transfer to a small bowl and let cool.Massage radishes to release liquid, gently at first, then more vigorously as they start to expel water. Squeeze out excess liquid, then finely chop radishes (you should have about 1 cup).Add oil and salt and pulse again until well combined.Mix radishes, yogurt, lemon juice, 2 Tbsp. oil, and 1/2 tsp. lemon zest in a medium bowl; season with salt and pepper.Divide yogurt among bowls, top with pine nuts and more lemon zest and drizzle with remaining 1 Tbsp. oil. Serve with cucumber spears for dipping.Yogurt can be made 3 days ahead; cover and chill. Top with pine nuts and lemon zest just before serving.","Ingredients8 medium radishes, very thinly slicedKosher salt1 tablespoon pine nuts1 1/4 cups low-fat plain Greek yogurt1/2 teaspoon finely grated lemon zest, plus more for serving1 tablespoon fresh lemon juice3 tablespoons olive oil, dividedFreshly ground black pepperCucumber spears (for serving)","Toss radishes in a small bowl with a couple pinches of salt. Let sit until salt begins to draw out water from radishes, about 5 minutes.Meanwhile, toast pine nuts in a medium skillet over medium-high heat, tossing often, until golden brown, about 2 minutes. Transfer to a small bowl and let cool.Massage radishes to release liquid, gently at first, then more vigorously as they start to expel water. Squeeze out excess liquid, then finely chop radishes (you should have about 1 cup).Add oil and salt and pulse again until well combined.Mix radishes, yogurt, lemon juice, 2 Tbsp. oil, and 1/2 tsp. lemon zest in a medium bowl; season with salt and pepper.Divide yogurt among bowls, top with pine nuts and more lemon zest and drizzle with remaining 1 Tbsp. oil. Serve with cucumber spears for dipping.Yogurt can be made 3 days ahead; cover and chill. Top with pine nuts and lemon zest just before serving.",http://cdn.shopify.com/s/files/1/1148/3974/articles/Radish_Yogurt_with_Pine_Nuts_large.png?v=1462444552
22,Shakshuka with Capia Peppers and Cumin,"February 23, 2016",by Ann Reed,for Red Bell Pepper,"Shakshuka is Tunisian in origin but has become hugely popular in Jerusalem and all over Israel as substantial breakfast or lunch fare. Would like to add exotic variant to your everyday meal?Ingredients2 tablespoons olive oil2 tablespoons Paprika & Cayenne Pepper Mixed Spice2 teaspoons tomato paste2 large red peppers, cut into 1/4-inch / 0.5cm dice (2 cups / 300 g in total)4 cloves garlic, finely chopped1 teaspoon ground cumin5 large, very ripe tomatoes, chopped4 large free-range eggs, plus 4 egg yolks1/2 cup / 120 g labneh or thick yogurtSaltDirectionsHeat the olive oil in a large frying pan over medium heat and add the pilpelchuma or harissa, tomato paste, peppers, garlic, cumin, and 3/4 teaspoon salt. Stir and cook over medium heat for about 8 minutes to allow the peppers to soften. Add the tomatoes, bring to a gentle simmer, and cook for a further 10 minutes until you have quite a thick sauce. Taste for seasoning.Make 8 little dips in the sauce. Gently break the eggs and carefully pour each into its own dip. Do the same with the yolks. Use a fork to swirl the egg whites a little bit with the sauce, taking care not to break the yolks. Simmer gently for 8 to 10 minutes, until the egg whites are set but the yolks are still runny (you can cover the pan with a lid if you wish to hasten the process). Remove from the heat, leave for a couple of minutes to settle, then spoon into individual plates and serve with the labneh or yogurt.","Ingredients2 tablespoons olive oil2 tablespoons Paprika & Cayenne Pepper Mixed Spice2 teaspoons tomato paste2 large red peppers, cut into 1/4-inch / 0.5cm dice (2 cups / 300 g in total)4 cloves garlic, finely chopped1 teaspoon ground cumin5 large, very ripe tomatoes, chopped4 large free-range eggs, plus 4 egg yolks1/2 cup / 120 g labneh or thick yogurtSalt","Heat the olive oil in a large frying pan over medium heat and add the pilpelchuma or harissa, tomato paste, peppers, garlic, cumin, and 3/4 teaspoon salt. Stir and cook over medium heat for about 8 minutes to allow the peppers to soften. Add the tomatoes, bring to a gentle simmer, and cook for a further 10 minutes until you have quite a thick sauce. Taste for seasoning.Make 8 little dips in the sauce. Gently break the eggs and carefully pour each into its own dip. Do the same with the yolks. Use a fork to swirl the egg whites a little bit with the sauce, taking care not to break the yolks. Simmer gently for 8 to 10 minutes, until the egg whites are set but the yolks are still runny (you can cover the pan with a lid if you wish to hasten the process). Remove from the heat, leave for a couple of minutes to settle, then spoon into individual plates and serve with the labneh or yogurt.",http://cdn.shopify.com/s/files/1/1148/3974/articles/Shakshuka_with_Capia_Peppers_and_Cumin_large.png?v=1462444596
23,Roasted Red Bell Pepper,"February 23, 2016",by Ann Reed,for Red Bell Pepper,"Delicious as a side dish, as part of an antipasto, and also wonderful in sandwiches the next day because of its sweet/mellow flavour. Ingredients5 red bell peppers2 small garlic cloves, very thinly sliced2 tablespoons extra-virgin olive oil1 tablespoon finely chopped fresh oregano3/4 teaspoon coarse sea salt1/4 teaspoon black pepperDirectionsPrepare grill for cooking. If using a charcoal grill, open vents on bottom of grill, then light charcoal. Charcoal fire is hot when you can hold your hand 5 inches above rack for 1 to 2 seconds. If using a gas grill, preheat burners on high, covered, 10 minutes, then reduce heat to moderately high.Lay bell peppers on their sides on lightly oiled grill rack and roast, turning occasionally with tongs, until skins are blackened, 10 to 12 minutes.Transfer to a bowl, then cover and let steam 10 minutes. Peel and seed peppers (reserving juices), then cut into 1/4-inch-thick strips.Stir together peppers (with their juices), garlic, oil, vinegar, oregano, sea salt, and pepper and marinate 30 minutes at room temperature.","Ingredients5 red bell peppers2 small garlic cloves, very thinly sliced2 tablespoons extra-virgin olive oil1 tablespoon finely chopped fresh oregano3/4 teaspoon coarse sea salt1/4 teaspoon black pepper","Prepare grill for cooking. If using a charcoal grill, open vents on bottom of grill, then light charcoal. Charcoal fire is hot when you can hold your hand 5 inches above rack for 1 to 2 seconds. If using a gas grill, preheat burners on high, covered, 10 minutes, then reduce heat to moderately high.Lay bell peppers on their sides on lightly oiled grill rack and roast, turning occasionally with tongs, until skins are blackened, 10 to 12 minutes.Transfer to a bowl, then cover and let steam 10 minutes. Peel and seed peppers (reserving juices), then cut into 1/4-inch-thick strips.Stir together peppers (with their juices), garlic, oil, vinegar, oregano, sea salt, and pepper and marinate 30 minutes at room temperature.",http://cdn.shopify.com/s/files/1/1148/3974/articles/Roasted_Red_Bell_Pepper_1974c158-f857-494d-a90a-fe0e83354bba_large.png?v=1462446159
24,Paella,"February 23, 2016",by Ann Reed,for Red Mixed Spice,"Bring Spain to your dinner making this spicy seafood paella and you won't regret. This is really a festive meal where even the color looks enticing and the taste is much more better.Ingredients30 threads saffron, crushed4 chicken thighs10-12 large shrimps, peeled and deveinedsalt and freshly ground pepper, to taste1/2 cup extra-virgin olive oil1 tablespoon Red Mixed Spice1/2 tablespoon smoked paprika3 cloves garlic3 medium tomatoes1 small onion7 cups chicken broth2 1/2 cups short-grain rice1 red pepper12 clamsDirectionsPut saffron and 1⁄4 cup hot water in a small bowl; let sit for 15 minutes. Season chicken and shrimp with salt and pepper. Heat oil in a 16″–18″ paella pan over medium-high heat. Add chicken, shrimp, and chorizo and cook, turning occasionally, until browned, about 5 minutes.Transfer shrimp to a plate, leaving meats in pan. Add paprika, garlic, tomatoes, and onions to pan and cook, stirring often, until onions soften, about 6 minutes. Add reserved saffron mixture and broth, season with salt, and bring to a boil over high heat.Sprinkle in rice, distribute evenly with a spoon, and add peppers. Cook, without stirring, until rice has absorbed most of the liquid, 12-15 minutes. (If your pan is larger than the burner, rotate it every two minutes so different parts are over the heat and the rice cooks evenly.)Reduce heat to low, add reserved shrimp, and nestle in clams hinge side down; cook, without stirring, until clams have opened and rice has absorbed the liquid and is al dente, 5–10 minutes more. Turn heat to high for 1-2 minutes to create the socarrat. Remove pan from heat, cover with aluminum foil, and let sit for 5 minutes before enjoying.Thanks               
                   iamafoodblog.com 
                   for recipe","Ingredients30 threads saffron, crushed4 chicken thighs10-12 large shrimps, peeled and deveinedsalt and freshly ground pepper, to taste1/2 cup extra-virgin olive oil1 tablespoon Red Mixed Spice1/2 tablespoon smoked paprika3 cloves garlic3 medium tomatoes1 small onion7 cups chicken broth2 1/2 cups short-grain rice1 red pepper12 clams","Put saffron and 1⁄4 cup hot water in a small bowl; let sit for 15 minutes. Season chicken and shrimp with salt and pepper. Heat oil in a 16″–18″ paella pan over medium-high heat. Add chicken, shrimp, and chorizo and cook, turning occasionally, until browned, about 5 minutes.Transfer shrimp to a plate, leaving meats in pan. Add paprika, garlic, tomatoes, and onions to pan and cook, stirring often, until onions soften, about 6 minutes. Add reserved saffron mixture and broth, season with salt, and bring to a boil over high heat.Sprinkle in rice, distribute evenly with a spoon, and add peppers. Cook, without stirring, until rice has absorbed most of the liquid, 12-15 minutes. (If your pan is larger than the burner, rotate it every two minutes so different parts are over the heat and the rice cooks evenly.)Reduce heat to low, add reserved shrimp, and nestle in clams hinge side down; cook, without stirring, until clams have opened and rice has absorbed the liquid and is al dente, 5–10 minutes more. Turn heat to high for 1-2 minutes to create the socarrat. Remove pan from heat, cover with aluminum foil, and let sit for 5 minutes before enjoying.",http://cdn.shopify.com/s/files/1/1148/3974/articles/paella-25_grande_2350030f-37c6-44bb-81df-bb0a5ecea731_large.jpg?v=1456214836
25,Spaghetti with Parsley Pesto,"February 23, 2016",by Ann Reed,for Green Mixed Spice,"Why be limited to basil cooking pesto? Swapping in flat-leaf parsley makes for a balanced sauce that allows you to really taste the nuts, the olive oil, the Parmesan. Use this sauce as you would any pesto, yes, swirled into pasta.Ingredients1 pound spaghettiKosher salt1/2 cup unsalted, roasted almonds4 cups fresh flat-leaf parsley leaves2 tablespoons Green Mixed Spice3/4 cup chopped fresh chives3/4 cup extra-virgin olive oil1/2 cup finely grated ParmesanFreshly ground black pepperDirectionsCook pasta in a large pot of boiling salted water, stirring occasionally, until al dente. Drain, reserving 2 cups pasta cooking liquid.Meanwhile, pulse almonds in a food processor until smooth. Add parsley, chives, oil, and Parmesan; process until smooth. Season pesto with salt and pepper and Green Mixed Spice.Toss pasta and pesto in a large bowl, adding pasta cooking liquid by 1/4-cupfuls until saucy. Season with salt and pepper.Pesto can be made 5 days ahead. Cover surface directly; chill.","Ingredients1 pound spaghettiKosher salt1/2 cup unsalted, roasted almonds4 cups fresh flat-leaf parsley leaves2 tablespoons Green Mixed Spice3/4 cup chopped fresh chives3/4 cup extra-virgin olive oil1/2 cup finely grated ParmesanFreshly ground black pepper","Cook pasta in a large pot of boiling salted water, stirring occasionally, until al dente. Drain, reserving 2 cups pasta cooking liquid.Meanwhile, pulse almonds in a food processor until smooth. Add parsley, chives, oil, and Parmesan; process until smooth. Season pesto with salt and pepper and Green Mixed Spice.Toss pasta and pesto in a large bowl, adding pasta cooking liquid by 1/4-cupfuls until saucy. Season with salt and pepper.Pesto can be made 5 days ahead. Cover surface directly; chill.",http://cdn.shopify.com/s/files/1/1148/3974/articles/Spaghetti-with-Parsley-Pesto_large.png?v=1462444730
26,"Broccolini with Smoked Paprika, Almonds, and Garlic","February 23, 2016",by Ann Reed,for Red Bell Pepper,"Have you tried ""baby broccoli""? If not you definitely have too. Because they grand you with real stand out flavor and useful elements. Health can be delicious!Ingredients3 tablespoons extra-virgin olive oil1/2 cup whole almonds3 chopped large garlic cloves1 1/2 teaspoons Paprika & Cayenne Pepper Mixed SpiceCoarse kosher salt2 pounds broccolini, rinsed, stalks cut into 2- to 3-inch lengths1/3 cup water1 to 2 teaspoons Sherry wine vinegarDirectionsHeat 1 tablespoon oil in a heavy large skillet over medium-high heat.Add almonds. Stir until lightly browned, 2 to 3 minutes.Add garlic and paprika. Sprinkle with coarse salt; sauté 1 minute.Transfer to small bowl. Add remaining 2 tablespoons oil to skillet.Add broccolini; sprinkle with coarse salt. Add 1/3 cup water. Cover and boil until crisp-tender and still bright green, about 4 minutes. Add Paprika & Cayenne Pepper Mixed Spice and simmer for another 3 minutes.Pour off any water. Stir in almond mixture. Season to taste with coarse salt and pepper. Mix in 1 to 2 teaspoons vinegar.Transfer broccolini to bowl and serve.","Ingredients3 tablespoons extra-virgin olive oil1/2 cup whole almonds3 chopped large garlic cloves1 1/2 teaspoons Paprika & Cayenne Pepper Mixed SpiceCoarse kosher salt2 pounds broccolini, rinsed, stalks cut into 2- to 3-inch lengths1/3 cup water1 to 2 teaspoons Sherry wine vinegar","Heat 1 tablespoon oil in a heavy large skillet over medium-high heat.Add almonds. Stir until lightly browned, 2 to 3 minutes.Add garlic and paprika. Sprinkle with coarse salt; sauté 1 minute.Transfer to small bowl. Add remaining 2 tablespoons oil to skillet.Add broccolini; sprinkle with coarse salt. Add 1/3 cup water. Cover and boil until crisp-tender and still bright green, about 4 minutes. Add Paprika & Cayenne Pepper Mixed Spice and simmer for another 3 minutes.Pour off any water. Stir in almond mixture. Season to taste with coarse salt and pepper. Mix in 1 to 2 teaspoons vinegar.Transfer broccolini to bowl and serve.",http://cdn.shopify.com/s/files/1/1148/3974/articles/Broccolini_with_Smoked_Paprika_Almonds_and_Garlic_large.png?v=1462444763
27,Leek and Cannellini Bean Soup,"February 23, 2016",by Ann Reed,for Veg Mixed Spice,"This soup is a terrific choice for those who keen on their health. This dish includes healthy plant protein, fiber, vitamin K and more. So go for leek and beens in this soft and yummy soup!Ingredients1/2 cup extra-virgin olive oil2 cups chopped leeks1 cup chopped carrots1 cup chopped celery1 cup diced turnip1/2 tablespoon salt1/2 tablespoon Veg Mixed Spice 6 cups chicken stock or water1 1/2 (14-to 16-ounce) cans cannellini beans, drained and rinsed (about 2 1/2 cups)1/4 cup grated Parmigiano cheeseDirectionsPeelIn a large pot, put 1/4 cup of the oil over high heat and heat until it shimmers. Add the leeks and sauté for 2 minutes.Add the carrots, celery, turnip, and salt and cook for another 2 minutes. Add the chicken stock and bring the soup to a boil. Lower the heat, cover the pot, and simmer for 20 minutes.Add the cannellini beans and simmer for another 2 minutes.Add 1/2 tablespoon of Veg Mixed Spice and boil for another 3 minutes.Ladle the soup into bowls. Sprinkle each portion with cheese and drizzle with a tablespoon of olive oil.","Ingredients1/2 cup extra-virgin olive oil2 cups chopped leeks1 cup chopped carrots1 cup chopped celery1 cup diced turnip1/2 tablespoon salt1/2 tablespoon Veg Mixed Spice 6 cups chicken stock or water1 1/2 (14-to 16-ounce) cans cannellini beans, drained and rinsed (about 2 1/2 cups)1/4 cup grated Parmigiano cheese","PeelIn a large pot, put 1/4 cup of the oil over high heat and heat until it shimmers. Add the leeks and sauté for 2 minutes.Add the carrots, celery, turnip, and salt and cook for another 2 minutes. Add the chicken stock and bring the soup to a boil. Lower the heat, cover the pot, and simmer for 20 minutes.Add the cannellini beans and simmer for another 2 minutes.Add 1/2 tablespoon of Veg Mixed Spice and boil for another 3 minutes.Ladle the soup into bowls. Sprinkle each portion with cheese and drizzle with a tablespoon of olive oil.",http://cdn.shopify.com/s/files/1/1148/3974/articles/Leek_and_Cannellini_Bean_Soup_large.png?v=1462444806
28,Roasted Balsamic Beets,"February 23, 2016",by Ann Reed,for Balsamic Vinegar 2015,"Beets are typically prepared with sweet and sour flavors. In this recipe, roasting brings out the sweetness and a balsamic glaze adds the piquant notes.Ingredients3 1/2 pounds assorted small beets, trimmed and cleaned3 small red onions, each cut into 8 wedges1 tablespoon olive oil1 1/2 teaspoons McCormick Gourmet™ Rosemary, Crushed1/2 teaspoon McCormick Gourmet™ Sicilian Sea Salt2 tablespoons balsamic vinegarDirectionsPreheat oven to 425°F. Wrap 3 beets at a time in foil. Place in shallow baking pan.Roast 1 hour or until beets are tender when pierced with small knife. Cool until able to handle. Peel then quarter beets. Toss beets, onions, oil, rosemary, thyme and sea salt in the same baking pan.Roast 35 to 45 minutes or until onions are tender. Drizzle balsamic vinegar over vegetables. Roast 5 minutes longer or until vinegar is the consistency of syrup. Gently toss vegetables before serving.","Ingredients3 1/2 pounds assorted small beets, trimmed and cleaned3 small red onions, each cut into 8 wedges1 tablespoon olive oil1 1/2 teaspoons McCormick Gourmet™ Rosemary, Crushed1/2 teaspoon McCormick Gourmet™ Sicilian Sea Salt2 tablespoons balsamic vinegar","Preheat oven to 425°F. Wrap 3 beets at a time in foil. Place in shallow baking pan.Roast 1 hour or until beets are tender when pierced with small knife. Cool until able to handle. Peel then quarter beets. Toss beets, onions, oil, rosemary, thyme and sea salt in the same baking pan.Roast 35 to 45 minutes or until onions are tender. Drizzle balsamic vinegar over vegetables. Roast 5 minutes longer or until vinegar is the consistency of syrup. Gently toss vegetables before serving.",http://cdn.shopify.com/s/files/1/1148/3974/articles/Roasted_Balsamic_Beets_large.png?v=1462444833
29,Raspberry Pie Glutten-Free,"February 23, 2016",by Ann Reed,for Raspberries,"If you thought glutten-free desserts are not as much delicious as traditional ones, you just have not tried this exceptional pie based on cornflour and raspberries yet.Ingredients1 cup cornflour1.25 cup white sugar4 eggs1 quart fresh raspberries0.75 cups brown sugar8 teaspoons cornstarch2 tablespoons quick-cooking tapioca6 tablespoons water4 tablespoons butterDirectionsMix together raspberries, sugar, cornstarch, minute tapioca and water. Let sit while you make your pie crust.Blend together cornflour, white sugar and egs to make crust. Extra flour can be need to form thicked crust.Put berries in bottom crust, and put 4 - 1 tablespoon pats of butter on top. Put on top crust and crimp edges.Make slits in the crust to allow the steam to escape. Add one layer of fresh berries denting the crust. Make slits in the crust to allow the steam to escape. Add one layer of fresh berries denting the crust. Bake at 425 degrees F (220 degrees C) for 15 minutes. Reduce heat to 350 degrees F (175 degrees C) and bake for 45 minutes.Thanks               
                   food-network 
                   for recipe",Ingredients1 cup cornflour1.25 cup white sugar4 eggs1 quart fresh raspberries0.75 cups brown sugar8 teaspoons cornstarch2 tablespoons quick-cooking tapioca6 tablespoons water4 tablespoons butter,"Mix together raspberries, sugar, cornstarch, minute tapioca and water. Let sit while you make your pie crust.Blend together cornflour, white sugar and egs to make crust. Extra flour can be need to form thicked crust.Put berries in bottom crust, and put 4 - 1 tablespoon pats of butter on top. Put on top crust and crimp edges.Make slits in the crust to allow the steam to escape. Add one layer of fresh berries denting the crust. Make slits in the crust to allow the steam to escape. Add one layer of fresh berries denting the crust. Bake at 425 degrees F (220 degrees C) for 15 minutes. Reduce heat to 350 degrees F (175 degrees C) and bake for 45 minutes.",http://cdn.shopify.com/s/files/1/1148/3974/articles/article_recipe-01_large.jpg?v=1456214341
30,Basic Tomato Sauce,"February 18, 2016",by Ann Reed,for Cherry Tomatoes 2016,"A good tomato sauce is the foundation for so many wonderful dishes—pizza, pasta, chicken, and fish. Here is what we're offering you to try at your dinner table.Ingredients2 Tbsp olive oil1/2 medium onion, finely chopped1 small carrot or 1/2 large carrot, finely chopped1 small stalk of celery, including the green tops, finely chopped2 Tbsp chopped fresh parsley1 clove garlic, minced1/2 teaspoon dried basil or 2 Tbsp chopped fresh basil1 3/4 pound of fresh Brandywine Tomatoes, peeled, seeded, and chopped1 teaspoon tomato pasteSalt and freshly ground black pepper to tasteDirectionsHeat olive oil in a large wide skillet in medium heat. Add the chopped onion, carrot, celery and parsley. Stir to coat. Reduce the heat to low, cover the skillet and cook for 15 to 20 minutes, stirring occasionally until the vegetables are softened and cooked through.Remove cover and add the minced garlic. Increase the heat to medium high. Cook for garlic for 30 seconds. Add the tomatoes, including the juice and shredding them with your fingers if you are using canned whole tomatoes. Add the tomato paste and the basil. Season with salt and pepper to taste. Bring to a low simmer, reduce the heat to low and cook, uncovered until thickened, about 15 minutes. If you want you can push the sauce through a food mill, or blend it with an immersion blender, to give it a smooth consistency.Thanks               
                   simplyrecipes.com 
                   for recipe","Ingredients2 Tbsp olive oil1/2 medium onion, finely chopped1 small carrot or 1/2 large carrot, finely chopped1 small stalk of celery, including the green tops, finely chopped2 Tbsp chopped fresh parsley1 clove garlic, minced1/2 teaspoon dried basil or 2 Tbsp chopped fresh basil1 3/4 pound of fresh Brandywine Tomatoes, peeled, seeded, and chopped1 teaspoon tomato pasteSalt and freshly ground black pepper to taste","Heat olive oil in a large wide skillet in medium heat. Add the chopped onion, carrot, celery and parsley. Stir to coat. Reduce the heat to low, cover the skillet and cook for 15 to 20 minutes, stirring occasionally until the vegetables are softened and cooked through.Remove cover and add the minced garlic. Increase the heat to medium high. Cook for garlic for 30 seconds. Add the tomatoes, including the juice and shredding them with your fingers if you are using canned whole tomatoes. Add the tomato paste and the basil. Season with salt and pepper to taste. Bring to a low simmer, reduce the heat to low and cook, uncovered until thickened, about 15 minutes. If you want you can push the sauce through a food mill, or blend it with an immersion blender, to give it a smooth consistency.",http://cdn.shopify.com/s/files/1/1148/3974/articles/basic-tomato-sauce_large_706d40f2-ab43-4305-a568-f20958712d26_large.jpg?v=1455804197
