Asparagus,,,,,,,,,,,,,,,,,,,,,,,
Avocado,,,,,,,,,,,,,,,,,,,,,,,
Balsamic Vinegar,,,,,,,,,,,,,,,,,,,,,,,
Balsamic Vinegar 2015,,,,,,,,,,,,,,,,,,,,,,,
Basil,,,,,,,,,,,,,,,,,,,,,,,
Beetroot,,,,,,,,,,,,,,,,,,,,,,,
Bell pepper,,,,,,,,,,,,,,,,,,,,,,,
Brandywine Tomatoes,,,,,,,,,,,,,,,,,,,,,,,
Broccoli,,,,,,,,,,,,,,,,,,,,,,,
C - OVERLOAD,,,,,,,,,,,,,,,,,,,,,,,
Campari Tomatoes,,,,,,,,,,,,,,,,,,,,,,,
Capia Pepper,,,,,,,,,,,,,,,,,,,,,,,
Cherry Tomatoes,,,,,,,,,,,,,,,,,,,,,,,
Cherry Tomatoes 2016,,,,,,,,,,,,,,,,,,,,,,,
Chives,,,,,,,,,,,,,,,,,,,,,,,
Cucumber,,,,,,,,,,,,,,,,,,,,,,,
Damson Plums,,,,,,,,,,,,,,,,,,,,,,,
Eggplant,,,,,,,,,,,,,,,,,,,,,,,
Empire Apples,,,,,,,,,,,,,,,,,,,,,,,
Fuji Apples,,,,,,,,,,,,,,,,,,,,,,,
Gala Apples,,,,,,,,,,,,,,,,,,,,,,,
Golden Delicious Apples,,,,,,,,,,,,,,,,,,,,,,,
Green Beans,,,,,,,,,,,,,,,,,,,,,,,
Green Mixed Spice,,,,,,,,,,,,,,,,,,,,,,,
Leek,,,,,,,,,,,,,,,,,,,,,,,
Lime,,,,,,,,,,,,,,,,,,,,,,,
Maynard Plums,,,,,,,,,,,,,,,,,,,,,,,
Organic Corn Oil,,,,,,,,,,,,,,,,,,,,,,,
Organic Corn Oil 2015,,,,,,,,,,,,,,,,,,,,,,,
Paprika & Cayenne Pepper Mixed Spice,,,,,,,,,,,,,,,,,,,,,,,
Parsley,,,,,,,,,,,,,,,,,,,,,,,
Peaches,,,,,,,,,,,,,,,,,,,,,,,
Radishes,,,,,,,,,,,,,,,,,,,,,,,
Raspberries,,,,,,,,,,,,,,,,,,,,,,,
Red Bell Pepper,,,,,,,,,,,,,,,,,,,,,,,
Red European Plums,,,,,,,,,,,,,,,,,,,,,,,
Red Kabocha Squash,,,,,,,,,,,,,,,,,,,,,,,
Red Mixed Spice,,,,,,,,,,,,,,,,,,,,,,,
Red Onions,,,,,,,,,,,,,,,,,,,,,,,
Spinach,,,,,,,,,,,,,,,,,,,,,,,
Stanley Plums,,,,,,,,,,,,,,,,,,,,,,,
Strawberries,,,,,,,,,,,,,,,,,,,,,,,
Sweet Grapes,,,,,,,,,,,,,,,,,,,,,,,
Thompson Seedless Grapes,,,,,,,,,,,,,,,,,,,,,,,
Veg Mixed Spice,,,,,,,,,,,,,,,,,,,,,,,
Veggie Balls,,,,,,,,,,,,,,,,,,,,,,,
Vit-plate,,,,,,,,,,,,,,,,,,,,,,,
Winter Pumpkin,,,,,,,,,,,,,,,,,,,,,,,
Wooden Bowls,,,,,,,,,,,,,,,,,,,,,,,
Wooden Spoon,,,,,,,,,,,,,,,,,,,,,,,
